Name,VRAM start
makerom,80000000
boot,80000460
dmadata,
Audiobank,
Audioseq,
Audiotable,
kanji,
link_animetion,
icon_item_static,
icon_item_24_static,
icon_item_field_static,
icon_item_dungeon_static,
icon_item_gameover_static,
icon_item_jpn_static,
icon_item_nes_static,
item_name_static,
map_name_static,
do_action_static,
message_static,
message_texture_static,
nes_font_static,
jpn_message_data_static,
nes_message_data_static,
staff_message_data_static,
map_grand_static,
map_48x85_static,
map_i_static,
code,80010F40
ovl_title,80800000
ovl_select,80800900
ovl_opening,80803580
ovl_file_choose,808036E0
ovl_kaleido_scope,80813660
ovl_player_actor,8082FE80
ovl_map_mark_data,80856660
ovl_En_Test,8085D1C0
ovl_En_GirlA,80862A70
ovl_En_Part,80865390
ovl_En_Light,808669F0
ovl_En_Door,808677F0
ovl_En_Box,80868630
ovl_En_Poh,8086A190
ovl_En_Okuta,8086E380
ovl_En_Bom,80870960
ovl_En_Wallmas,80871830
ovl_En_Dodongo,80873240
ovl_En_Firefly,80875FE0
ovl_En_Horse,80878150
ovl_En_Arrow,808843B0
ovl_En_Elf,80885AB0
ovl_En_Niw,8088A470
ovl_En_Tite,8088D7A0
ovl_En_Reeba,80890540
ovl_En_Peehat,80891FB0
ovl_En_Holl,808956B0
ovl_En_Scene_Change,80896680
ovl_En_Zf,808967B0
ovl_En_Hata,8089D2A0
ovl_Boss_Dodongo,8089D830
ovl_Boss_Goma,808A7330
ovl_En_Zl1,808AD2D0
ovl_En_Viewer,808B10E0
ovl_En_Goma,808B3FA0
ovl_Bg_Pushbox,808B6C50
ovl_En_Bubble,808B6F50
ovl_Door_Shutter,808B8370
ovl_En_Dodojr,808BA630
ovl_En_Bdfire,808BC4D0
ovl_En_Boom,808BD070
ovl_En_Torch2,808BD940
ovl_En_Bili,808C00E0
ovl_En_Tp,808C23B0
ovl_En_St,808C4220
ovl_En_Bw,808C6E90
ovl_En_Eiyer,808CA220
ovl_En_River_Sound,808CBE80
ovl_En_Horse_Normal,808CC810
ovl_En_Ossan,808CEE30
ovl_Bg_Treemouth,808D5410
ovl_Bg_Dodoago,808D6A70
ovl_Bg_Hidan_Dalm,808D7820
ovl_Bg_Hidan_Hrock,808D8070
ovl_En_Horse_Ganon,808D88A0
ovl_Bg_Hidan_Rock,808D9620
ovl_Bg_Hidan_Rsekizou,808DA720
ovl_Bg_Hidan_Sekizou,808DB300
ovl_Bg_Hidan_Sima,808DC750
ovl_Bg_Hidan_Syoku,808DD650
ovl_En_Xc,808DDAB0
ovl_Bg_Hidan_Curtain,808E4240
ovl_Bg_Spot00_Hanebasi,808E4CE0
ovl_En_Mb,808E5DF0
ovl_En_Bombf,808EA020
ovl_Bg_Hidan_Firewall,808EB4B0
ovl_Bg_Dy_Yoseizo,808EBC10
ovl_En_Zl2,808EEA00
ovl_Bg_Hidan_Fslift,808F3100
ovl_En_OE2,808F35D0
ovl_Bg_Ydan_Hasi,808F36B0
ovl_Bg_Ydan_Maruta,808F3E60
ovl_Boss_Ganondrof,808F4540
ovl_En_Am,808F92D0
ovl_En_Dekubaba,808FB6D0
ovl_En_M_Fire1,808FF180
ovl_En_M_Thunder,808FF320
ovl_Bg_Ddan_Jd,80900920
ovl_Bg_Breakwall,80900F70
ovl_En_Jj,80901DE0
ovl_En_Horse_Zelda,809033B0
ovl_Bg_Ddan_Kd,80903EA0
ovl_Door_Warp1,80904790
ovl_Obj_Syokudai,80908AA0
ovl_Item_B_Heart,809096F0
ovl_En_Dekunuts,80909B00
ovl_Bg_Menkuri_Kaiten,8090B300
ovl_Bg_Menkuri_Eye,8090B490
ovl_En_Vali,8090B930
ovl_Bg_Mizu_Movebg,8090DFF0
ovl_Bg_Mizu_Water,8090F180
ovl_Arms_Hook,8090FE50
ovl_En_fHG,80910BC0
ovl_Bg_Mori_Hineri,809134F0
ovl_En_Bb,80914240
ovl_Bg_Toki_Hikari,80917F20
ovl_En_Yukabyun,80918CC0
ovl_Bg_Toki_Swd,809192D0
ovl_En_Fhg_Fire,8091A920
ovl_Bg_Mjin,8091CFC0
ovl_Bg_Hidan_Kousi,8091D3B0
ovl_Door_Toki,8091D940
ovl_Bg_Hidan_Hamstep,8091DAA0
ovl_En_Bird,8091E950
ovl_En_Wood02,8091EE10
ovl_En_Lightbox,8091FFF0
ovl_En_Pu_box,80920470
ovl_En_Trap,809207B0
ovl_En_Arow_Trap,80921A50
ovl_En_Vase,80921BA0
ovl_En_Ta,80921CA0
ovl_En_Tk,80925660
ovl_Bg_Mori_Bigst,80927490
ovl_Bg_Mori_Elevator,80927DC0
ovl_Bg_Mori_Kaitenkabe,809288B0
ovl_Bg_Mori_Rakkatenjo,80928F20
ovl_En_Vm,809298A0
ovl_Demo_Effect,8092B160
ovl_Demo_Kankyo,80930D00
ovl_Bg_Hidan_Fwbig,809349F0
ovl_En_Floormas,809356D0
ovl_En_Heishi1,80938AB0
ovl_En_Rd,80939FC0
ovl_En_Po_Sisters,8093C880
ovl_Bg_Heavy_Block,80941570
ovl_Bg_Po_Event,80942E60
ovl_Obj_Mure,80944CA0
ovl_En_Sw,80945CB0
ovl_Boss_Fd,809494A0
ovl_Object_Kankyo,80950800
ovl_En_Du,80953A80
ovl_En_Fd,80955510
ovl_En_Horse_Link_Child,809581B0
ovl_Door_Ana,80959FB0
ovl_Bg_Spot02_Objects,8095A620
ovl_Bg_Haka,8095B980
ovl_Magic_Wind,8095C040
ovl_Magic_Fire,8095DD40
ovl_En_Ru1,80960040
ovl_Boss_Fd2,809676E0
ovl_En_Fd_Fire,8096B410
ovl_En_Dh,8096C120
ovl_En_Dha,8096DC00
ovl_En_Rl,8096EC00
ovl_En_Encount1,8096FAE0
ovl_Demo_Du,80970640
ovl_Demo_Im,80973E20
ovl_Demo_Tre_Lgt,80977D90
ovl_En_Fw,809784A0
ovl_Bg_Vb_Sima,80979C60
ovl_En_Vb_Ball,8097A380
ovl_Bg_Haka_Megane,8097B530
ovl_Bg_Haka_MeganeBG,8097B930
ovl_Bg_Haka_Ship,8097BFF0
ovl_Bg_Haka_Sgami,8097CA40
ovl_En_Heishi2,8097D660
ovl_En_Encount2,8097F860
ovl_En_Fire_Rock,80980A90
ovl_En_Brob,80981BA0
ovl_Mir_Ray,80982C90
ovl_Bg_Spot09_Obj,80984540
ovl_Bg_Spot18_Obj,80984A60
ovl_Boss_Va,80985330
ovl_Bg_Haka_Tubo,8099C5C0
ovl_Bg_Haka_Trap,8099CFE0
ovl_Bg_Haka_Huta,8099E5B0
ovl_Bg_Haka_Zou,8099F050
ovl_Bg_Spot17_Funen,809A0240
ovl_En_Syateki_Itm,809A0490
ovl_En_Syateki_Man,809A1230
ovl_En_Tana,809A1FF0
ovl_En_Nb,809A22A0
ovl_Boss_Mo,809A6870
ovl_En_Sb,809B6E50
ovl_En_Bigokuta,809B8290
ovl_En_Karebaba,809BAD90
ovl_Bg_Bdan_Objects,809BC680
ovl_Demo_Sa,809BD950
ovl_Demo_Go,809C0470
ovl_En_In,809C11C0
ovl_En_Tr,809C3F60
ovl_Bg_Spot16_Bombstone,809C5860
ovl_Bg_Hidan_Kowarerukabe,809C6DB0
ovl_Bg_Bombwall,809C7C90
ovl_En_Ru2,809C8550
ovl_Obj_Dekujr,809CB2D0
ovl_Bg_Mizu_Uzu,809CB910
ovl_Bg_Spot06_Objects,809CBAE0
ovl_Bg_Ice_Objects,809CCEE0
ovl_Bg_Haka_Water,809CDE20
ovl_En_Ma2,809CE620
ovl_En_Bom_Chu,809CF680
ovl_En_Horse_Game_Check,809D0D20
ovl_Boss_Tw,809D1DF0
ovl_En_Rr,809E79C0
ovl_En_Ba,809E9EF0
ovl_En_Bx,809EBDC0
ovl_En_Anubice,809EC8C0
ovl_En_Anubice_Fire,809EDB70
ovl_Bg_Mori_Hashigo,809EE930
ovl_Bg_Mori_Hashira4,809EF1F0
ovl_Bg_Mori_Idomizu,809EF780
ovl_Bg_Spot16_Doughnut,809EFDC0
ovl_Bg_Bdan_Switch,809F0380
ovl_En_Ma1,809F17B0
ovl_Boss_Ganon,809F2A90
ovl_Boss_Sst,80A188C0
ovl_En_Ny,80A24E90
ovl_En_Fr,80A267D0
ovl_Item_Shield,80A29260
ovl_Bg_Ice_Shelter,80A29C70
ovl_En_Ice_Hono,80A2AEB0
ovl_Item_Ocarina,80A2C0A0
ovl_Magic_Dark,80A2C870
ovl_Demo_6K,80A2E0C0
ovl_En_Anubice_Tag,80A30E20
ovl_Bg_Haka_Gate,80A310F0
ovl_Bg_Spot15_Saku,80A32190
ovl_Bg_Jya_Goroiwa,80A324D0
ovl_Bg_Jya_Zurerukabe,80A32C50
ovl_Bg_Jya_Cobra,80A33300
ovl_Bg_Jya_Kanaami,80A35040
ovl_Fishing,80A353F0
ovl_Obj_Oshihiki,80A4FF90
ovl_Bg_Gate_Shutter,80A51A40
ovl_Eff_Dust,80A51ED0
ovl_Bg_Spot01_Fusya,80A532A0
ovl_Bg_Spot01_Idohashira,80A53540
ovl_Bg_Spot01_Idomizu,80A54140
ovl_Bg_Po_Syokudai,80A54460
ovl_Bg_Ganon_Otyuka,80A54DD0
ovl_Bg_Spot15_Rrbox,80A57410
ovl_Bg_Umajump,80A581F0
ovl_En_Insect,80A58380
ovl_En_Butte,80A5A8A0
ovl_En_Fish,80A5BE70
ovl_Bg_Spot08_Iceblock,80A5DF80
ovl_Item_Etcetera,80A5EFC0
ovl_Arrow_Fire,80A5F890
ovl_Arrow_Ice,80A61770
ovl_Arrow_Light,80A63670
ovl_Obj_Kibako,80A65580
ovl_Obj_Tsubo,80A66280
ovl_En_Wonder_Item,80A67270
ovl_En_Ik,80A67FA0
ovl_Demo_Ik,80A6C600
ovl_En_Skj,80A6DB10
ovl_En_Skjneedle,80A71460
ovl_En_G_Switch,80A71770
ovl_Demo_Ext,80A72F90
ovl_Demo_Shd,80A738E0
ovl_En_Dns,80A75CF0
ovl_Elf_Msg,80A77080
ovl_En_Honotrap,80A77670
ovl_En_Tubo_Trap,80A78BD0
ovl_Obj_Ice_Poly,80A79870
ovl_Bg_Spot03_Taki,80A7A220
ovl_Bg_Spot07_Taki,80A7AB40
ovl_En_Fz,80A7B130
ovl_En_Po_Relay,80A7D140
ovl_Bg_Relay_Objects,80A7E850
ovl_En_Diving_Game,80A7F000
ovl_En_Kusa,80A809B0
ovl_Obj_Bean,80A81E90
ovl_Obj_Bombiwa,80A84620
ovl_Obj_Switch,80A84B90
ovl_Obj_Elevator,80A86970
ovl_Obj_Lift,80A86D30
ovl_Obj_Hsblock,80A87750
ovl_En_Okarina_Tag,80A87D20
ovl_En_Yabusame_Mark,80A89220
ovl_En_Goroiwa,80A898F0
ovl_En_Ex_Ruppy,80A8BCB0
ovl_En_Toryo,80A8CD70
ovl_En_Daiku,80A8DA00
ovl_En_Nwc,80A8F140
ovl_En_Blkobj,80A8FB60
ovl_Item_Inbox,80A900C0
ovl_En_Ge1,80A90220
ovl_Obj_Blockstop,80A92250
ovl_En_Sda,80A923F0
ovl_En_Clear_Tag,80A93AE0
ovl_En_Niw_Lady,80A9F080
ovl_En_Gm,80AA0980
ovl_En_Ms,80AA16B0
ovl_En_Hs,80AA1DA0
ovl_Bg_Ingate,80AA2940
ovl_En_Kanban,80AA2CD0
ovl_En_Heishi3,80AA5E20
ovl_En_Syateki_Niw,80AA67F0
ovl_En_Attack_Niw,80AA8880
ovl_Bg_Spot01_Idosoko,80AA9AE0
ovl_En_Sa,80AA9CF0
ovl_En_Wonder_Talk,80AABF60
ovl_Bg_Gjyo_Bridge,80AAC5F0
ovl_En_Ds,80AACAE0
ovl_En_Mk,80AAD700
ovl_En_Bom_Bowl_Man,80AAE590
ovl_En_Bom_Bowl_Pit,80AAFAD0
ovl_En_Owl,80AB0440
ovl_En_Ishi,80AB3FE0
ovl_Obj_Hana,80ABD130
ovl_Obj_Lightswitch,80ABD440
ovl_Obj_Mure2,80ABE870
ovl_En_Go,80ABF290
ovl_En_Fu,80AC38D0
ovl_En_Changer,80AC4620
ovl_Bg_Jya_Megami,80AC5000
ovl_Bg_Jya_Lift,80AC61F0
ovl_Bg_Jya_Bigmirror,80AC6740
ovl_Bg_Jya_Bombchuiwa,80AC6F90
ovl_Bg_Jya_Amishutter,80AC7AD0
ovl_Bg_Jya_Bombiwa,80AC7E60
ovl_Bg_Spot18_Basket,80AC8420
ovl_En_Ganon_Organ,80AC9410
ovl_En_Siofuki,80AD0450
ovl_En_Stream,80AD1200
ovl_En_Mm,80AD1790
ovl_En_Ko,80AD2DF0
ovl_En_Kz,80AD6F30
ovl_En_Weather_Tag,80AD84D0
ovl_Bg_Sst_Floor,80AD93C0
ovl_En_Ani,80AD9920
ovl_En_Ex_Item,80ADA690
ovl_Bg_Jya_Ironobj,80ADB810
ovl_En_Js,80ADC5C0
ovl_En_Jsjutan,80ADCF90
ovl_En_Cs,80AE28C0
ovl_En_Md,80AE3AF0
ovl_En_Hy,80AE6160
ovl_En_Ganon_Mant,80AE9AA0
ovl_En_Okarina_Effect,80AEDCD0
ovl_En_Mag,80AEE090
ovl_Door_Gerudo,80AF2C40
ovl_Elf_Msg2,80AF3230
ovl_Demo_Gt,80AF36A0
ovl_En_Po_Field,80AF8CB0
ovl_Efc_Erupc,80AFC740
ovl_Bg_Zg,80AFD230
ovl_En_Heishi4,80AFD680
ovl_En_Zl3,80AFE580
ovl_Boss_Ganon2,80B063D0
ovl_En_Kakasi,80B19240
ovl_En_Takara_Man,80B19F80
ovl_Obj_Makeoshihiki,80B1A840
ovl_Oceff_Spot,80B1ACD0
ovl_End_Title,80B1BC00
ovl_En_Torch,80B1FD20
ovl_Demo_Ec,80B1FE10
ovl_Shot_Sun,80B23670
ovl_En_Dy_Extra,80B23D30
ovl_En_Wonder_Talk2,80B242D0
ovl_En_Ge2,80B24970
ovl_Obj_Roomtimer,80B26310
ovl_En_Ssh,80B26560
ovl_En_Sth,80B28B50
ovl_Oceff_Wipe,80B2CC10
ovl_Effect_Ss_Dust,80B2D990
ovl_Effect_Ss_KiraKira,80B2E1D0
ovl_Effect_Ss_Bomb,80B2E840
ovl_Effect_Ss_Bomb2,80B2EC70
ovl_Effect_Ss_Blast,80B2F570
ovl_Effect_Ss_G_Spk,80B2F900
ovl_Effect_Ss_D_Fire,80B2FEB0
ovl_Effect_Ss_Bubble,80B303A0
ovl_Effect_Ss_G_Ripple,80B30820
ovl_Effect_Ss_G_Splash,80B30D80
ovl_Effect_Ss_G_Magma,80B31230
ovl_Effect_Ss_G_Fire,80B31490
ovl_Effect_Ss_Lightning,80B31720
ovl_Effect_Ss_Dt_Bubble,80B31DF0
ovl_Effect_Ss_Hahen,80B32380
ovl_Effect_Ss_Stick,80B329C0
ovl_Effect_Ss_Sibuki,80B32D60
ovl_Effect_Ss_Sibuki2,80B33430
ovl_Effect_Ss_G_Magma2,80B33760
ovl_Effect_Ss_Stone1,80B33C70
ovl_Effect_Ss_HitMark,80B33FF0
ovl_Effect_Ss_Fhg_Flash,80B34540
ovl_Effect_Ss_K_Fire,80B354C0
ovl_Effect_Ss_Solder_Srch_Ball,80B35900
ovl_Effect_Ss_Kakera,80B35AB0
ovl_Effect_Ss_Ice_Piece,80B36B40
ovl_Effect_Ss_En_Ice,80B36F80
ovl_Effect_Ss_Fire_Tail,80B37840
ovl_Effect_Ss_En_Fire,80B37F40
ovl_Effect_Ss_Extra,80B38690
ovl_Effect_Ss_Fcircle,80B38A50
ovl_Effect_Ss_Dead_Db,80B38F00
ovl_Effect_Ss_Dead_Dd,80B393E0
ovl_Effect_Ss_Dead_Ds,80B39970
ovl_Effect_Ss_Dead_Sound,80B39DF0
ovl_Oceff_Storm,80B39F30
ovl_En_Weiyer,80B3BAE0
ovl_Bg_Spot05_Soko,80B3D4E0
ovl_Bg_Jya_1flift,80B3D800
ovl_Bg_Jya_Haheniron,80B3DE90
ovl_Bg_Spot12_Gate,80B3E680
ovl_Bg_Spot12_Saku,80B3EA90
ovl_En_Hintnuts,80B3EF50
ovl_En_Nutsball,80B40980
ovl_Bg_Spot00_Break,80B40FA0
ovl_En_Shopnuts,80B41140
ovl_En_It,80B42050
ovl_En_GeldB,80B421E0
ovl_Oceff_Wipe2,80B47590
ovl_Oceff_Wipe3,80B48D00
ovl_En_Niw_Girl,80B4A450
ovl_En_Dog,80B4AF20
ovl_En_Si,80B4C0D0
ovl_Bg_Spot01_Objects2,80B4C5D0
ovl_Obj_Comb,80B4CA90
ovl_Bg_Spot11_Bakudankabe,80B4D2F0
ovl_Obj_Kibako2,80B4D930
ovl_En_Dnt_Demo,80B4DFF0
ovl_En_Dnt_Jiji,80B4ED10
ovl_En_Dnt_Nomal,80B50230
ovl_En_Guest,80B53030
ovl_Bg_Bom_Guard,80B539D0
ovl_En_Hs2,80B53BF0
ovl_Demo_Kekkai,80B541D0
ovl_Bg_Spot08_Bakudankabe,80B554C0
ovl_Bg_Spot17_Bakudankabe,80B55B60
ovl_Obj_Mure3,80B56250
ovl_En_Tg,80B56A20
ovl_En_Mu,80B57100
ovl_En_Go2,80B57A20
ovl_En_Wf,80B5DA60
ovl_En_Skb,80B61D70
ovl_Demo_Gj,80B63660
ovl_Demo_Geff,80B67310
ovl_Bg_Gnd_Firemeiro,80B67B30
ovl_Bg_Gnd_Darkmeiro,80B68080
ovl_Bg_Gnd_Soulmeiro,80B68840
ovl_Bg_Gnd_Nisekabe,80B690A0
ovl_Bg_Gnd_Iceblock,80B69210
ovl_Bg_Ydan_Sp,80B6A310
ovl_En_Gb,80B6BA30
ovl_En_Gs,80B6D160
ovl_Bg_Mizu_Bwall,80B6EFD0
ovl_Bg_Mizu_Shutter,80B704A0
ovl_En_Daiku_Kakariko,80B70CA0
ovl_Bg_Bowl_Wall,80B72060
ovl_En_Wall_Tubo,80B729E0
ovl_En_Po_Desert,80B72ED0
ovl_En_Crow,80B73C90
ovl_Door_Killer,80B75330
ovl_Bg_Spot11_Oasis,80B768A0
ovl_Bg_Spot18_Futa,80B76FD0
ovl_Bg_Spot18_Shutter,80B77170
ovl_En_Ma3,80B776C0
ovl_En_Cow,80B78670
ovl_Bg_Ice_Turara,80B79AD0
ovl_Bg_Ice_Shutter,80B7A300
ovl_En_Kakasi2,80B7A770
ovl_En_Kakasi3,80B7AE90
ovl_Oceff_Wipe4,80B7BF70
ovl_En_Eg,80B7CF50
ovl_Bg_Menkuri_Nisekabe,80B7D100
ovl_En_Zo,80B7D250
ovl_Effect_Ss_Ice_Smoke,80B7F810
ovl_Obj_Makekinsuta,80B7FCF0
ovl_En_Ge3,80B7FE40
ovl_Obj_Timeblock,80B80A80
ovl_Obj_Hamishi,80B816D0
ovl_En_Zl4,80B81F20
ovl_En_Mm2,80B86950
ovl_Bg_Jya_Block,80B87710
ovl_Obj_Warp2block,80B87980
gameplay_keep,
gameplay_field_keep,
gameplay_dangeon_keep,
gameplay_object_exchange_static,
object_link_boy,
object_link_child,
object_box,
object_human,
object_okuta,
object_poh,
object_wallmaster,
object_dy_obj,
object_firefly,
object_dodongo,
object_fire,
object_niw,
object_tite,
object_reeba,
object_peehat,
object_kingdodongo,
object_horse,
object_zf,
object_goma,
object_zl1,
object_gol,
object_bubble,
object_dodojr,
object_torch2,
object_bl,
object_tp,
object_oA1,
object_st,
object_bw,
object_ei,
object_horse_normal,
object_oB1,
object_o_anime,
object_spot04_objects,
object_ddan_objects,
object_hidan_objects,
object_horse_ganon,
object_oA2,
object_spot00_objects,
object_mb,
object_bombf,
object_sk2,
object_oE1,
object_oE_anime,
object_oE2,
object_ydan_objects,
object_gnd,
object_am,
object_dekubaba,
object_oA3,
object_oA4,
object_oA5,
object_oA6,
object_oA7,
object_jj,
object_oA8,
object_oA9,
object_oB2,
object_oB3,
object_oB4,
object_horse_zelda,
object_opening_demo1,
object_warp1,
object_b_heart,
object_dekunuts,
object_oE3,
object_oE4,
object_menkuri_objects,
object_oE5,
object_oE6,
object_oE7,
object_oE8,
object_oE9,
object_oE10,
object_oE11,
object_oE12,
object_vali,
object_oA10,
object_oA11,
object_mizu_objects,
object_fhg,
object_ossan,
object_mori_hineri1,
object_Bb,
object_toki_objects,
object_yukabyun,
object_zl2,
object_mjin,
object_mjin_flash,
object_mjin_dark,
object_mjin_flame,
object_mjin_ice,
object_mjin_soul,
object_mjin_wind,
object_mjin_oka,
object_haka_objects,
object_spot06_objects,
object_ice_objects,
object_relay_objects,
object_mori_hineri1a,
object_mori_hineri2,
object_mori_hineri2a,
object_mori_objects,
object_mori_tex,
object_spot08_obj,
object_warp2,
object_hata,
object_bird,
object_wood02,
object_lightbox,
object_pu_box,
object_trap,
object_vase,
object_im,
object_ta,
object_tk,
object_xc,
object_vm,
object_bv,
object_hakach_objects,
object_efc_crystal_light,
object_efc_fire_ball,
object_efc_flash,
object_efc_lgt_shower,
object_efc_star_field,
object_god_lgt,
object_light_ring,
object_triforce_spot,
object_medal,
object_bdan_objects,
object_sd,
object_rd,
object_po_sisters,
object_heavy_object,
object_gndd,
object_fd,
object_du,
object_fw,
object_horse_link_child,
object_spot02_objects,
object_haka,
object_ru1,
object_syokudai,
object_fd2,
object_dh,
object_rl,
object_efc_tw,
object_demo_tre_lgt,
object_gi_key,
object_mir_ray,
object_brob,
object_gi_jewel,
object_spot09_obj,
object_spot18_obj,
object_bdoor,
object_spot17_obj,
object_shop_dungen,
object_nb,
object_mo,
object_sb,
object_gi_melody,
object_gi_heart,
object_gi_compass,
object_gi_bosskey,
object_gi_medal,
object_gi_nuts,
object_sa,
object_gi_hearts,
object_gi_arrowcase,
object_gi_bombpouch,
object_in,
object_tr,
object_spot16_obj,
object_oE1s,
object_oE4s,
object_os_anime,
object_gi_bottle,
object_gi_stick,
object_gi_map,
object_oF1d_map,
object_ru2,
object_gi_shield_1,
object_dekujr,
object_gi_magicpot,
object_gi_bomb_1,
object_oF1s,
object_ma2,
object_gi_purse,
object_hni,
object_tw,
object_rr,
object_bxa,
object_anubice,
object_gi_gerudo,
object_gi_arrow,
object_gi_bomb_2,
object_gi_egg,
object_gi_scale,
object_gi_shield_2,
object_gi_hookshot,
object_gi_ocarina,
object_gi_milk,
object_ma1,
object_ganon,
object_sst,
object_ny,
object_fr,
object_gi_pachinko,
object_gi_boomerang,
object_gi_bow,
object_gi_glasses,
object_gi_liquid,
object_ani,
object_demo_6k,
object_gi_shield_3,
object_gi_letter,
object_spot15_obj,
object_jya_obj,
object_gi_clothes,
object_gi_bean,
object_gi_fish,
object_gi_saw,
object_gi_hammer,
object_gi_grass,
object_gi_longsword,
object_spot01_objects,
object_md,
object_km1,
object_kw1,
object_zo,
object_kz,
object_umajump,
object_masterkokiri,
object_masterkokirihead,
object_mastergolon,
object_masterzoora,
object_aob,
object_ik,
object_ahg,
object_cne,
object_gi_niwatori,
object_skj,
object_gi_bottle_letter,
object_bji,
object_bba,
object_gi_ocarina_0,
object_ds,
object_ane,
object_boj,
object_spot03_object,
object_spot07_object,
object_fz,
object_bob,
object_ge1,
object_yabusame_point,
object_gi_boots_2,
object_gi_seed,
object_gnd_magic,
object_d_elevator,
object_d_hsblock,
object_d_lift,
object_mamenoki,
object_goroiwa,
object_toryo,
object_daiku,
object_nwc,
object_blkobj,
object_gm,
object_ms,
object_hs,
object_ingate,
object_lightswitch,
object_kusa,
object_tsubo,
object_gi_gloves,
object_gi_coin,
object_kanban,
object_gjyo_objects,
object_owl,
object_mk,
object_fu,
object_gi_ki_tan_mask,
object_gi_redead_mask,
object_gi_skj_mask,
object_gi_rabit_mask,
object_gi_truth_mask,
object_ganon_objects,
object_siofuki,
object_stream,
object_mm,
object_fa,
object_os,
object_gi_eye_lotion,
object_gi_powder,
object_gi_mushroom,
object_gi_ticketstone,
object_gi_brokensword,
object_js,
object_cs,
object_gi_prescription,
object_gi_bracelet,
object_gi_soldout,
object_gi_frog,
object_mag,
object_door_gerudo,
object_gt,
object_efc_erupc,
object_zl2_anime1,
object_zl2_anime2,
object_gi_golonmask,
object_gi_zoramask,
object_gi_gerudomask,
object_ganon2,
object_ka,
object_ts,
object_zg,
object_gi_hoverboots,
object_gi_m_arrow,
object_ds2,
object_ec,
object_fish,
object_gi_sutaru,
object_gi_goddess,
object_ssh,
object_bigokuta,
object_bg,
object_spot05_objects,
object_spot12_obj,
object_bombiwa,
object_hintnuts,
object_rs,
object_spot00_break,
object_gla,
object_shopnuts,
object_geldb,
object_gr,
object_dog,
object_jya_iron,
object_jya_door,
object_spot01_objects2,
object_spot11_obj,
object_kibako2,
object_dns,
object_dnk,
object_gi_fire,
object_gi_insect,
object_gi_butterfly,
object_gi_ghost,
object_gi_soul,
object_bowl,
object_po_field,
object_demo_kekkai,
object_efc_doughnut,
object_gi_dekupouch,
object_ganon_anime1,
object_ganon_anime2,
object_ganon_anime3,
object_gi_rupy,
object_spot01_matoya,
object_spot01_matoyab,
object_po_composer,
object_mu,
object_wf,
object_skb,
object_gj,
object_geff,
object_haka_door,
object_gs,
object_ps,
object_bwall,
object_crow,
object_cow,
object_cob,
object_gi_sword_1,
object_door_killer,
object_ouke_haka,
object_timeblock,
object_zl4,
g_pn_01,
g_pn_02,
g_pn_03,
g_pn_04,
g_pn_05,
g_pn_06,
g_pn_07,
g_pn_08,
g_pn_09,
g_pn_10,
g_pn_11,
g_pn_12,
g_pn_13,
g_pn_14,
g_pn_15,
g_pn_16,
g_pn_17,
g_pn_18,
g_pn_19,
g_pn_20,
g_pn_21,
g_pn_22,
g_pn_23,
g_pn_24,
g_pn_25,
g_pn_26,
g_pn_27,
g_pn_28,
g_pn_29,
g_pn_30,
g_pn_31,
g_pn_32,
g_pn_33,
g_pn_34,
g_pn_35,
g_pn_36,
g_pn_37,
g_pn_38,
g_pn_39,
g_pn_40,
g_pn_41,
g_pn_42,
g_pn_43,
g_pn_44,
g_pn_45,
g_pn_46,
g_pn_47,
g_pn_48,
g_pn_49,
g_pn_50,
g_pn_51,
g_pn_52,
g_pn_53,
g_pn_54,
g_pn_55,
g_pn_56,
g_pn_57,
z_select_static,
nintendo_rogo_static,
title_static,
parameter_static,
vr_fine0_static,
vr_fine0_pal_static,
vr_fine1_static,
vr_fine1_pal_static,
vr_fine2_static,
vr_fine2_pal_static,
vr_fine3_static,
vr_fine3_pal_static,
vr_cloud0_static,
vr_cloud0_pal_static,
vr_cloud1_static,
vr_cloud1_pal_static,
vr_cloud2_static,
vr_cloud2_pal_static,
vr_cloud3_static,
vr_cloud3_pal_static,
vr_holy0_static,
vr_holy0_pal_static,
vr_holy1_static,
vr_holy1_pal_static,
vr_MDVR_static,
vr_MDVR_pal_static,
vr_MNVR_static,
vr_MNVR_pal_static,
vr_RUVR_static,
vr_RUVR_pal_static,
vr_LHVR_static,
vr_LHVR_pal_static,
vr_KHVR_static,
vr_KHVR_pal_static,
vr_K3VR_static,
vr_K3VR_pal_static,
vr_K4VR_static,
vr_K4VR_pal_static,
vr_K5VR_static,
vr_K5VR_pal_static,
vr_SP1a_static,
vr_SP1a_pal_static,
vr_MLVR_static,
vr_MLVR_pal_static,
vr_KKRVR_static,
vr_KKRVR_pal_static,
vr_KR3VR_static,
vr_KR3VR_pal_static,
vr_IPVR_static,
vr_IPVR_pal_static,
vr_KSVR_static,
vr_KSVR_pal_static,
vr_GLVR_static,
vr_GLVR_pal_static,
vr_ZRVR_static,
vr_ZRVR_pal_static,
vr_DGVR_static,
vr_DGVR_pal_static,
vr_ALVR_static,
vr_ALVR_pal_static,
vr_NSVR_static,
vr_NSVR_pal_static,
vr_LBVR_static,
vr_LBVR_pal_static,
vr_TTVR_static,
vr_TTVR_pal_static,
vr_FCVR_static,
vr_FCVR_pal_static,
elf_message_field,
elf_message_ydan,
ydan_scene,
ydan_room_0,
ydan_room_1,
ydan_room_2,
ydan_room_3,
ydan_room_4,
ydan_room_5,
ydan_room_6,
ydan_room_7,
ydan_room_8,
ydan_room_9,
ydan_room_10,
ydan_room_11,
ddan_scene,
ddan_room_0,
ddan_room_1,
ddan_room_2,
ddan_room_3,
ddan_room_4,
ddan_room_5,
ddan_room_6,
ddan_room_7,
ddan_room_8,
ddan_room_9,
ddan_room_10,
ddan_room_11,
ddan_room_12,
ddan_room_13,
ddan_room_14,
ddan_room_15,
ddan_room_16,
bdan_scene,
bdan_room_0,
bdan_room_1,
bdan_room_2,
bdan_room_3,
bdan_room_4,
bdan_room_5,
bdan_room_6,
bdan_room_7,
bdan_room_8,
bdan_room_9,
bdan_room_10,
bdan_room_11,
bdan_room_12,
bdan_room_13,
bdan_room_14,
bdan_room_15,
Bmori1_scene,
Bmori1_room_0,
Bmori1_room_1,
Bmori1_room_2,
Bmori1_room_3,
Bmori1_room_4,
Bmori1_room_5,
Bmori1_room_6,
Bmori1_room_7,
Bmori1_room_8,
Bmori1_room_9,
Bmori1_room_10,
Bmori1_room_11,
Bmori1_room_12,
Bmori1_room_13,
Bmori1_room_14,
Bmori1_room_15,
Bmori1_room_16,
Bmori1_room_17,
Bmori1_room_18,
Bmori1_room_19,
Bmori1_room_20,
Bmori1_room_21,
Bmori1_room_22,
HIDAN_scene,
HIDAN_room_0,
HIDAN_room_1,
HIDAN_room_2,
HIDAN_room_3,
HIDAN_room_4,
HIDAN_room_5,
HIDAN_room_6,
HIDAN_room_7,
HIDAN_room_8,
HIDAN_room_9,
HIDAN_room_10,
HIDAN_room_11,
HIDAN_room_12,
HIDAN_room_13,
HIDAN_room_14,
HIDAN_room_15,
HIDAN_room_16,
HIDAN_room_17,
HIDAN_room_18,
HIDAN_room_19,
HIDAN_room_20,
HIDAN_room_21,
HIDAN_room_22,
HIDAN_room_23,
HIDAN_room_24,
HIDAN_room_25,
HIDAN_room_26,
MIZUsin_scene,
MIZUsin_room_0,
MIZUsin_room_1,
MIZUsin_room_2,
MIZUsin_room_3,
MIZUsin_room_4,
MIZUsin_room_5,
MIZUsin_room_6,
MIZUsin_room_7,
MIZUsin_room_8,
MIZUsin_room_9,
MIZUsin_room_10,
MIZUsin_room_11,
MIZUsin_room_12,
MIZUsin_room_13,
MIZUsin_room_14,
MIZUsin_room_15,
MIZUsin_room_16,
MIZUsin_room_17,
MIZUsin_room_18,
MIZUsin_room_19,
MIZUsin_room_20,
MIZUsin_room_21,
MIZUsin_room_22,
jyasinzou_scene,
jyasinzou_room_0,
jyasinzou_room_1,
jyasinzou_room_2,
jyasinzou_room_3,
jyasinzou_room_4,
jyasinzou_room_5,
jyasinzou_room_6,
jyasinzou_room_7,
jyasinzou_room_8,
jyasinzou_room_9,
jyasinzou_room_10,
jyasinzou_room_11,
jyasinzou_room_12,
jyasinzou_room_13,
jyasinzou_room_14,
jyasinzou_room_15,
jyasinzou_room_16,
jyasinzou_room_17,
jyasinzou_room_18,
jyasinzou_room_19,
jyasinzou_room_20,
jyasinzou_room_21,
jyasinzou_room_22,
jyasinzou_room_23,
jyasinzou_room_24,
jyasinzou_room_25,
jyasinzou_room_26,
jyasinzou_room_27,
jyasinzou_room_28,
HAKAdan_scene,
HAKAdan_room_0,
HAKAdan_room_1,
HAKAdan_room_2,
HAKAdan_room_3,
HAKAdan_room_4,
HAKAdan_room_5,
HAKAdan_room_6,
HAKAdan_room_7,
HAKAdan_room_8,
HAKAdan_room_9,
HAKAdan_room_10,
HAKAdan_room_11,
HAKAdan_room_12,
HAKAdan_room_13,
HAKAdan_room_14,
HAKAdan_room_15,
HAKAdan_room_16,
HAKAdan_room_17,
HAKAdan_room_18,
HAKAdan_room_19,
HAKAdan_room_20,
HAKAdan_room_21,
HAKAdan_room_22,
HAKAdanCH_scene,
HAKAdanCH_room_0,
HAKAdanCH_room_1,
HAKAdanCH_room_2,
HAKAdanCH_room_3,
HAKAdanCH_room_4,
HAKAdanCH_room_5,
HAKAdanCH_room_6,
ice_doukutu_scene,
ice_doukutu_room_0,
ice_doukutu_room_1,
ice_doukutu_room_2,
ice_doukutu_room_3,
ice_doukutu_room_4,
ice_doukutu_room_5,
ice_doukutu_room_6,
ice_doukutu_room_7,
ice_doukutu_room_8,
ice_doukutu_room_9,
ice_doukutu_room_10,
ice_doukutu_room_11,
men_scene,
men_room_0,
men_room_1,
men_room_2,
men_room_3,
men_room_4,
men_room_5,
men_room_6,
men_room_7,
men_room_8,
men_room_9,
men_room_10,
ganontika_scene,
ganontika_room_0,
ganontika_room_1,
ganontika_room_2,
ganontika_room_3,
ganontika_room_4,
ganontika_room_5,
ganontika_room_6,
ganontika_room_7,
ganontika_room_8,
ganontika_room_9,
ganontika_room_10,
ganontika_room_11,
ganontika_room_12,
ganontika_room_13,
ganontika_room_14,
ganontika_room_15,
ganontika_room_16,
ganontika_room_17,
ganontika_room_18,
ganontika_room_19,
spot00_scene,
spot00_room_0,
spot01_scene,
spot01_room_0,
spot02_scene,
spot02_room_0,
spot02_room_1,
spot03_scene,
spot03_room_0,
spot03_room_1,
spot04_scene,
spot04_room_0,
spot04_room_1,
spot04_room_2,
spot05_scene,
spot05_room_0,
spot06_scene,
spot06_room_0,
spot07_scene,
spot07_room_0,
spot07_room_1,
spot08_scene,
spot08_room_0,
spot09_scene,
spot09_room_0,
spot10_scene,
spot10_room_0,
spot10_room_1,
spot10_room_2,
spot10_room_3,
spot10_room_4,
spot10_room_5,
spot10_room_6,
spot10_room_7,
spot10_room_8,
spot10_room_9,
spot11_scene,
spot11_room_0,
spot12_scene,
spot12_room_0,
spot12_room_1,
spot13_scene,
spot13_room_0,
spot13_room_1,
spot15_scene,
spot15_room_0,
spot16_scene,
spot16_room_0,
spot17_scene,
spot17_room_0,
spot17_room_1,
spot18_scene,
spot18_room_0,
spot18_room_1,
spot18_room_2,
spot18_room_3,
market_day_scene,
market_day_room_0,
market_night_scene,
market_night_room_0,
kenjyanoma_scene,
kenjyanoma_room_0,
tokinoma_scene,
tokinoma_room_0,
tokinoma_room_1,
link_home_scene,
link_home_room_0,
kokiri_shop_scene,
kokiri_shop_room_0,
kokiri_home_scene,
kokiri_home_room_0,
kakusiana_scene,
kakusiana_room_0,
kakusiana_room_1,
kakusiana_room_2,
kakusiana_room_3,
kakusiana_room_4,
kakusiana_room_5,
kakusiana_room_6,
kakusiana_room_7,
kakusiana_room_8,
kakusiana_room_9,
kakusiana_room_10,
kakusiana_room_11,
kakusiana_room_12,
kakusiana_room_13,
entra_scene,
entra_room_0,
moribossroom_scene,
moribossroom_room_0,
moribossroom_room_1,
syatekijyou_scene,
syatekijyou_room_0,
shop1_scene,
shop1_room_0,
hairal_niwa_scene,
hairal_niwa_room_0,
ganon_tou_scene,
ganon_tou_room_0,
market_alley_scene,
market_alley_room_0,
spot20_scene,
spot20_room_0,
market_ruins_scene,
market_ruins_room_0,
entra_n_scene,
entra_n_room_0,
enrui_scene,
enrui_room_0,
market_alley_n_scene,
market_alley_n_room_0,
hiral_demo_scene,
hiral_demo_room_0,
kokiri_home3_scene,
kokiri_home3_room_0,
malon_stable_scene,
malon_stable_room_0,
kakariko_scene,
kakariko_room_0,
bdan_boss_scene,
bdan_boss_room_0,
bdan_boss_room_1,
FIRE_bs_scene,
FIRE_bs_room_0,
FIRE_bs_room_1,
hut_scene,
hut_room_0,
daiyousei_izumi_scene,
daiyousei_izumi_room_0,
hakaana_scene,
hakaana_room_0,
yousei_izumi_tate_scene,
yousei_izumi_tate_room_0,
yousei_izumi_yoko_scene,
yousei_izumi_yoko_room_0,
golon_scene,
golon_room_0,
zoora_scene,
zoora_room_0,
drag_scene,
drag_room_0,
alley_shop_scene,
alley_shop_room_0,
night_shop_scene,
night_shop_room_0,
impa_scene,
impa_room_0,
labo_scene,
labo_room_0,
tent_scene,
tent_room_0,
nakaniwa_scene,
nakaniwa_room_0,
ddan_boss_scene,
ddan_boss_room_0,
ddan_boss_room_1,
ydan_boss_scene,
ydan_boss_room_0,
ydan_boss_room_1,
HAKAdan_bs_scene,
HAKAdan_bs_room_0,
HAKAdan_bs_room_1,
MIZUsin_bs_scene,
MIZUsin_bs_room_0,
MIZUsin_bs_room_1,
ganon_scene,
ganon_room_0,
ganon_room_1,
ganon_room_2,
ganon_room_3,
ganon_room_4,
ganon_room_5,
ganon_room_6,
ganon_room_7,
ganon_room_8,
ganon_room_9,
ganon_boss_scene,
ganon_boss_room_0,
jyasinboss_scene,
jyasinboss_room_0,
jyasinboss_room_1,
jyasinboss_room_2,
jyasinboss_room_3,
kokiri_home4_scene,
kokiri_home4_room_0,
kokiri_home5_scene,
kokiri_home5_room_0,
ganon_final_scene,
ganon_final_room_0,
kakariko3_scene,
kakariko3_room_0,
hakasitarelay_scene,
hakasitarelay_room_0,
hakasitarelay_room_1,
hakasitarelay_room_2,
hakasitarelay_room_3,
hakasitarelay_room_4,
hakasitarelay_room_5,
hakasitarelay_room_6,
shrine_scene,
shrine_room_0,
turibori_scene,
turibori_room_0,
shrine_n_scene,
shrine_n_room_0,
shrine_r_scene,
shrine_r_room_0,
hakaana2_scene,
hakaana2_room_0,
gerudoway_scene,
gerudoway_room_0,
gerudoway_room_1,
gerudoway_room_2,
gerudoway_room_3,
gerudoway_room_4,
gerudoway_room_5,
hairal_niwa_n_scene,
hairal_niwa_n_room_0,
bowling_scene,
bowling_room_0,
hakaana_ouke_scene,
hakaana_ouke_room_0,
hakaana_ouke_room_1,
hakaana_ouke_room_2,
hylia_labo_scene,
hylia_labo_room_0,
souko_scene,
souko_room_0,
souko_room_1,
souko_room_2,
miharigoya_scene,
miharigoya_room_0,
mahouya_scene,
mahouya_room_0,
takaraya_scene,
takaraya_room_0,
takaraya_room_1,
takaraya_room_2,
takaraya_room_3,
takaraya_room_4,
takaraya_room_5,
takaraya_room_6,
ganon_sonogo_scene,
ganon_sonogo_room_0,
ganon_sonogo_room_1,
ganon_sonogo_room_2,
ganon_sonogo_room_3,
ganon_sonogo_room_4,
ganon_demo_scene,
ganon_demo_room_0,
face_shop_scene,
face_shop_room_0,
kinsuta_scene,
kinsuta_room_0,
ganontikasonogo_scene,
ganontikasonogo_room_0,
ganontikasonogo_room_1,
bump_texture_static,
anime_model_1_static,
anime_model_2_static,
anime_model_3_static,
anime_model_4_static,
anime_model_5_static,
anime_model_6_static,
anime_texture_1_static,
anime_texture_2_static,
anime_texture_3_static,
anime_texture_4_static,
anime_texture_5_static,
anime_texture_6_static,
softsprite_matrix_static,
